{
  "H": [
    [
      6.535719626530243,
      -0.2933152596427917,
      -506.1091109585617
    ],
    [
      0.4989269840060126,
      5.266214238319695,
      101.73016921807013
    ],
    [
      0.0008797963238412984,
      -6.048992659007784e-05,
      0.9999999999999999
    ]
  ],
  "frame_id": 16,
  "win_len": 17,
  "ransac_th": 5.0
}