{
  "H": [
    [
      5.256331970976408,
      -0.6691135887349396,
      231.25489028275928
    ],
    [
      0.34315599576010486,
      4.527311600180631,
      112.49491889430323
    ],
    [
      0.00012459540075163692,
      -0.00013036115148538742,
      1.0
    ]
  ],
  "frame_id": 60,
  "win_len": 61,
  "ransac_th": 5.0
}