{
  "H": [
    [
      1.19335867338757,
      -0.10358549914625577,
      595.849733751771
    ],
    [
      -0.12658002739457577,
      1.720306998357945,
      -122.48369781157152
    ],
    [
      -0.00036566131618606483,
      1.0541663794513825e-05,
      1.0
    ]
  ],
  "frame_id": 0,
  "win_len": 1,
  "ransac_th": 5.0
}