{
  "H": [
    [
      3.1072136660302623,
      0.08737293074194692,
      -1355.4914438505155
    ],
    [
      0.09351879404240108,
      2.794644740170721,
      -400.1339513836422
    ],
    [
      0.00042636182045174717,
      4.276808660328194e-05,
      1.0
    ]
  ],
  "frame_id": 0,
  "win_len": 1,
  "ransac_th": 5.0
}