{
  "H": [
    [
      -22.291071471030424,
      -4.870595018440387,
      12948.696068032054
    ],
    [
      -0.8992910717694972,
      -27.533173938726925,
      6566.774260453556
    ],
    [
      -0.0009634833917446829,
      -0.005484682423050008,
      1.0
    ]
  ],
  "frame_id": 144,
  "win_len": 43,
  "ransac_th": 5.0
}