{
    "lidar_list":[
        {
            "lidar_ip":"172.168.1.10",
            "lidar_port":8010,
            "calibration_matrix":[[-0.0066643248083904675, 0.9999656849426481, 0.0049209462559502825, 0.0], [0.08150969435871781, -0.004361467673093131, 0.9966630058978538, 0.0], [0.9966502678976347, 0.007043190821088124, -0.08147783111166304, 0.0], [0.0, 0.0, 0.0, 1.0]]
        }
    ]
}