{
    "lidar_list":[
        {
            "lidar_ip":"192.168.3.2",
            "lidar_port":2469,
            "calibration_matrix":[[0.9443603931472495, -0.20920236382934035, 0.2538066563803873, 0.0], [0.21473866872394792, 0.9766530024195055, 0.006018057796046438, 0.0], [-0.24914002490455472, 0.04881888807814343, 0.967236250435938, 0.0], [0.0, 0.0, 0.0, 1.0]]
        },
        {
            "lidar_ip":"192.168.0.2",
            "lidar_port":2469,
            "calibration_matrix":[[0.5247476370768949, 0.842591662772876, 0.12115777815711357, 16.6778009922345], [-0.8293949940288199, 0.5381150998435981, -0.15012022915103074, 40.578829356442135], [-0.19168688338604417, -0.021712419166716394, 0.9812159342325241, -0.6671267963145551], [0.0, 0.0, 0.0, 1.0]]  
        }
    ]
}