{
	"class_name" : "PinholeCameraParameters",
	"extrinsic" : 
	[
		0.59768195389065282,
		-0.48147723736790543,
		0.64105846214680073,
		0.0,
		-0.80145446951640065,
		-0.33772407928953135,
		0.4935718585578226,
		0.0,
		-0.021142736001671825,
		-0.80877816251714418,
		-0.58773367144460553,
		0.0,
		1.9451970208358398,
		0.44582053695425117,
		33.725905912559824,
		1.0
	],
	"intrinsic" : 
	{
		"height" : 1080,
		"intrinsic_matrix" : 
		[
			935.30743608719376,
			0.0,
			0.0,
			0.0,
			935.30743608719376,
			0.0,
			959.5,
			539.5,
			1.0
		],
		"width" : 1920
	},
	"version_major" : 1,
	"version_minor" : 0
}