{
	"class_name" : "PinholeCameraParameters",
	"extrinsic" : 
	[
		0.73444577232905039,
		-0.29871467479202901,
		0.60939227971141641,
		0.0,
		-0.67776853684242577,
		-0.27663928005779193,
		0.68124923427155804,
		0.0,
		-0.034917301935604439,
		-0.91336753379622548,
		-0.40563595776575195,
		0.0,
		-222.45401471545338,
		-48.888037574959831,
		158.49821515579657,
		1.0
	],
	"intrinsic" : 
	{
		"height" : 990,
		"intrinsic_matrix" : 
		[
			857.36514974659428,
			0.0,
			0.0,
			0.0,
			857.36514974659428,
			0.0,
			799.5,
			494.5,
			1.0
		],
		"width" : 1600
	},
	"version_major" : 1,
	"version_minor" : 0
}