{
	"class_name" : "PinholeCameraParameters",
	"extrinsic" : 
	[
		0.97949401393466662,
		-0.0003378928698301864,
		0.20147298204613853,
		0.0,
		-0.17323506330138425,
		-0.51197291456996352,
		0.84135209489826701,
		0.0,
		0.10286442295138064,
		-0.8590015253625255,
		-0.50153294001065785,
		0.0,
		-158.21528430735859,
		-188.38128302797514,
		274.10239269882425,
		1.0
	],
	"intrinsic" : 
	{
		"height" : 1061,
		"intrinsic_matrix" : 
		[
			918.85295341528945,
			0.0,
			0.0,
			0.0,
			918.85295341528945,
			0.0,
			959.5,
			530.0,
			1.0
		],
		"width" : 1920
	},
	"version_major" : 1,
	"version_minor" : 0
}