{
	"class_name" : "PinholeCameraParameters",
	"extrinsic" : 
	[
		0.91407470860166773,
		0.29460612060564351,
		-0.27870174164592054,
		0.0,
		0.39442578644445259,
		-0.48598896402345032,
		0.77989936904390988,
		0.0,
		0.094317156882783179,
		-0.8228134421295672,
		-0.5604304714845918,
		0.0,
		-103.56748387951075,
		60.830032405947748,
		132.38729342645445,
		1.0
	],
	"intrinsic" : 
	{
		"height" : 990,
		"intrinsic_matrix" : 
		[
			857.36514974659428,
			0.0,
			0.0,
			0.0,
			857.36514974659428,
			0.0,
			799.5,
			494.5,
			1.0
		],
		"width" : 1600
	},
	"version_major" : 1,
	"version_minor" : 0
}