{
	"class_name" : "PinholeCameraParameters",
	"extrinsic" : 
	[
		0.99932424638736972,
		-0.0021226595578978553,
		-0.036695298046439631,
		0.0,
		0.026192495379382872,
		-0.65928393579113931,
		0.75143771877218546,
		0.0,
		-0.025787666977002365,
		-0.75189107344358475,
		-0.65878282453911707,
		0.0,
		-2.0320087379939658,
		0.88051425744790279,
		52.315620910598398,
		1.0
	],
	"intrinsic" : 
	{
		"height" : 1080,
		"intrinsic_matrix" : 
		[
			935.30743608719376,
			0.0,
			0.0,
			0.0,
			935.30743608719376,
			0.0,
			959.5,
			539.5,
			1.0
		],
		"width" : 1920
	},
	"version_major" : 1,
	"version_minor" : 0
}