{
	"class_name" : "PinholeCameraParameters",
	"extrinsic" : 
	[
		0.90226635540574185,
		-0.30248016457125398,
		0.30728028564128024,
		0.0,
		-0.42684262946886464,
		-0.5257730573057019,
		0.73577718222266242,
		0.0,
		-0.060998307935099166,
		-0.79502732170181578,
		-0.60349876899351873,
		0.0,
		-24.970401855522994,
		18.938472081325315,
		17.42567143056003,
		1.0
	],
	"intrinsic" : 
	{
		"height" : 1080,
		"intrinsic_matrix" : 
		[
			935.30743608719376,
			0.0,
			0.0,
			0.0,
			935.30743608719376,
			0.0,
			959.5,
			539.5,
			1.0
		],
		"width" : 1920
	},
	"version_major" : 1,
	"version_minor" : 0
}